Title,Text
친구 결혼식? 롱 원피스 하객룩,롱 원피스에 미들 펌프스를 매치하여 심플한 데일리룩을 연출하였다. 귀걸이로 포인트를 주었다.
프릴 리본 블라우스로 화사하게!,프릴 리본 블라우스에 버튼 포인트 스커트를 매치하여 화사한 스타일링을 하였다. 아이템은 톤을 맞추어 연출하였다.
페미닌하게! 체크 싱글 재킷,싱글 체크 자켓에 티셔츠와 슬림핏 진으로 시크한 스타일링을 하였다. 유니크한 백으로 포인트를 주었다.
단아한 체크스커트 걸리쉬룩,트임넥 티셔츠에 플레어 스커트로 라인이 돋보이는 오피스룩을 연출하였다. 펌프스로 라인을 살려주었다.
"캐주얼의 정석, 나그랑 티셔츠+볼캡",나그랑 티셔츠에 데님 반바지를 매치하여 이지캐주얼룩을 연출하였다. 볼캡으로 포인트를 주었다.
페블럼 블라우스로 완성하는 하객룩,페플럼 블라우스에 랩 스커트를 매치하여 결혼식 등 행사에 어울리는 스타일링을 하였다. 슬링백 펌프스로 포인트를 주었다.
스퀘어 넥 니트로 꾸안꾸 룩,스퀘어 넥 니트에 부츠컷 데님 팬츠를 매치하여 심플한 데일리룩을 연출하였다. 목걸이로 포인트를 주었다.
가을을 부르는 쉬폰 블라우스,쉬폰 블라우스에 부츠컷 진을 매치하여 선선해진 날씨에 어울리는 데일리룩을 연출하였다. 드롭 귀걸이로 포인트를 주었다.
버튼 원피스로 맞이하는 가을,유니크 버튼 원피스에 액세서리를 매치하여 러블리한 스타일링을 하였다. 귀걸이와 목걸이 세트로 여성스러움을 더 하였다.
미니스커트에 플랫 슈즈 매치하기,7부 티셔츠에 체크 랩 팬츠를 매치하여 심플한 데일리룩을 연출하였다. 귀걸이로 포인트를 주었다.
에스닉 스커트로 완성! 리조트 룩,자수 라운드 티셔츠에 프린팅 랩 스커트로 리조트룩을 연출하였다. 드롭 귀걸이로 포인트를 주었다.
우아한 누드톤 컬러의 세계,골지 니트에 프릴 스커트를 매치하여 결혼식 등에 어울리는 페미닌한 스타일링을 하였다. 목걸이로 포인트를 주었다.
"캠핑클럽, 내추럴 캠핑 룩!",라운드 티셔츠에 린넨 랩 원피스를 매치하여 심플한 데일리룩을 연출하였다. 니트 숄더백으로 포인트를 주었다.
"인생사진 남길 때, 플로피햇 어때요?",쉬폰 러플 원피스에 목걸이를 매치하여 러블리한 스타일링을 했다. 플로피햇으로 포인트를 주었다
"슬림 티셔츠+청바지, 모델핏 완성",슬림 티셔츠에 청바지를 매치하여 심플한 데일리룩을 연출하였다. 클러치백으로 멋스러움을 더 하였다.
데이트에 어울리는 체크 원피스,백 포인트 체크 원피스와 비치 모자로 나들이에 어울리는 스타일링을 하였다. 라탄 아이템으로 포인트를 주었다.
네온 컬러로 화사한 리조트룩,레터링 티셔츠에 와이드 팬츠를 매치하여 리조트 룩을 연출하였다. 발찌로 포인트를 주었다.
캠핑클럽 코디? 이지 캐주얼룩,린넨 반팔 티셔츠에 미니 스커트를 매치하여 이지 캐주얼룩을 연출하였다. 유니크한 가방으로 포인트를 주었다.
단아한 느낌의 미디 스커트,5부 니트에 체크 롱 스커트를 매치하여 심플한 오피스룩을 연출하였다. 메탈 시계로 포인트를 주었다.
체크 패턴으로 완성하는 오피스룩,린넨 니트에 언발란스 체크 스커트를 매치하여 톤온톤 스타일링을 하였다. 아이템도 톤을 맞추어 연출하였다.
"화려하고 싶다면, 빈티지 원피스",
꾸안꾸의 기본 데님 스커트,라운드 니트에 데님 스커트를 매치하여 캐주얼룩을 연출하였다. 한낮에는 선글라스를 매치해도 좋을 것이다.
캠핑 떠나볼까? 캐주얼 스타일,프린트 티셔츠에 롱 스커트를 매치하여 심플한 데일리룩을 연출하였다. 귀걸이로 포인트를 주었다.
컬러 블라우스와 핀턱 반바지,셔링 티셔츠와 반바지를 매치하여 베이직한 스타일링을 하였다. 귀걸이로 러블리함을 더 하였다.
청순 데일리 룩 코디법,레이스 블라우스에 데님 팬츠를 매치하여 심플한 스타일링을 하였다. 샌들로 라인을 살려주었다.
중요한 자리에 필요한 원피스,스트랩 원피스에 체인 백과 샌들을 매치하여 결혼식 등 행사에 어울리는 스타일링을 하였다. 목걸이로 포인트를 주었다.
"꾸안꾸, 니트 원피스로 끝!",카라 원피스에 샌들을 매치하여 편안한 리조트룩을 연출하였다. 목걸이로 포인트를 주었다.
"스퀘어넥 블라우스, 제일 잘나가!",셔링 블라우스에 트임 팬츠를 매치하여 톤온톤 스타일링을 하였다. 샌들도 톤을 맞추어 연출하였다.
체크 미디 스커트로 살리는 에지!,레터링 티셔츠에 체크 스커트를 매치하여 키치한 스타일링을 하였다. 귀걸이로 포인트를 주었다.
바닷가에 어울리는 이지 코디,민소매 티셔츠에 데님 팬츠를 매치하여 이지 캐주얼룩을 연출하였다. 더운 낮에는 선글라스를 매치해도 좋을 것이다.
옐로우 컬러로 살리는 얼굴빛,버튼 민소매 니트에 부츠컷 팬츠를 매치하여 심플한 데일리룩을 연출하였다. 볼드한 귀걸이로 포인트를 주었다.
"심플한 게 최고, 린넨 숏 팬츠",브이넥 니트에 린넨 팬츠를 매치하여 베이직한 데일리룩을 연출하였다. 아이템은 블랙으로 톤을 맞추었다.
"파나마햇, 옐로우 코디와 찰떡!",린넨 원피스에 니트 모자를 매치하여 나들이 등에 어울리는 스타일링을 하였다. 팔찌로 포인트를 주었다.
"오피스 룩, 기본 실루엣을 살려라",퍼프 소매 블라우스에 하이웨스트 반바지를 매치하여 여성스러운 스타일링을 하였다. 귀걸이로 포인트를 주었다.
여름휴가 공항패션 코디,셔링 퍼프 니트에 와이드 팬츠를 매치하여 키치한 스타일링을 하였다. 라탄백으로 포인트를 주었다.
청순한 여친룩의 기본! 청바지,프릴 니트에 데님 팬츠를 매치하여 여성스러운 스타일링을 하였다. 드롭 귀걸이로 여성스러움을 더 하였다.
"반팔 린넨 재킷, 이렇게 연출하세요",린넨 자켓에 티셔츠와 커팅 팬츠를 매치하여 이지 캐주얼룩을 연출하였다. 아이템은 톤을 맞추어 연출하였다.
청량감 넘치는 여름 블루 컬러,린넨 블라우스에 부츠컷 진을 매치하여 베이직한 데일리룩을 연출하였다. 가죽 시계로 포인트를 주었다.
"여름 휴가, 바다에 어울리는 룩",민소매 티셔츠에 랩 스커트를 매치하여 리조트룩을 연출하였다. 드롭 귀걸이로 포인트를 주었다.
"친구 결혼식&가족 행사, 뭐 입지?",브이넥 블라우스에 체크 미디 스커트로 여성스러운 오피스룩을 연출하였다. 메탈 시계로 포인트를 주었다.
"랩 스커트 코디, 우리가 알려줄께!",자수 티셔츠에 프릴 랩 스커트를 매치하여 편안한 데일리룩을 연출하였다. 귀걸이로 포인트를 주었다.
원피스 하나로 코디 고민 날리기,잔체크 원피스와 목걸이로 리조트룩을 연출하였다. 샌들로 편안함을 더 하였다.
벨트 스커트로 완성하는 레이디 룩,슬릿 블라우스에 벨티드 스커트를 매치하여 결혼식 등 행사에 어울리는 스타일링을 하였다. 귀걸이로 포인트를 주었다.
해변에 어울리는 프릴 블라우스,잔꽃 프릴 블라우스에 데님 팬츠를 매치하여 유니크한 스타일링을 하였다. 귀걸이로 포인트를 주었다.
폭염에 좋은 30대 오피스 룩,A라인 롱 티셔츠에 솔리드 팬츠를 매치하여 이지 캐주얼룩을 연출하였다. 아이템은 톤을 맞추어 연출하였다.
"여친룩의 기본, 랩 블라우스!",리본 랩 니트에 데님 팬츠를 매치하여 시크한 스타일링을 하였다. 목걸이를 매치해도 좋을 것이다.
플라워 패턴 원피스로 여신 휴가룩,꽃무늬 롱 원피스에 니트백과 블로퍼를 매치하여 나들이에 어울리는 스타일링을 하였다. 더운 한낮에는 모자를 매치해도 좋을 것이다.
"놀러갈 때, 이보다 좋은 코디 있을까?",오픈넥 카라 니트에 데님 숏 팬츠를 매치하여 보이시한 캐주얼룩을 연출하였다. 벨트로 포인트를 주었다.
"여름 린넨 팬츠, 데일리로 입기",스트라이프 니트에 린넨 팬츠를 매치하여 오피스룩을 연출하였다. 메탈 시계로 포인트를 주었다.
뮤직 페스티벌에 어울리는 점프수트,린넨 반팔 티셔츠에 점프수트를 매치하여 유니크한 스타일링을 하였다. 팔찌로 포인트를 주었다.
"하객룩에 딱, 컬러 스커트 활용법",레이스 블라우스에 포인트 스커트를 매치하여 페미닌 룩을 연출하였다. 귀걸이로 포인트를 주었다.
"멋내고 싶을 땐, 롱 스커트",린넨 원버튼 자켓에 티셔츠와 플레어 스커트를 매치하여 러블리한 스타일링을 하였다. 크로스 백으로 귀여움을 더 하였다.
"휴가철, 비행기안에서도 좋은 공항패션",라운드넥 자켓에 티셔츠와 데님 팬츠를 매치하여 이지 캐주얼룩을 연출하였다. 라탄 쪼리로 편안함을 더 하였다.
얼굴 작아보이는 빅카라 블라우스,린넨 블라우스에 쉬폰 롱 스커트를 매치하여 러블리한 스타일링을 하였다. 버클 장식 슬리퍼로 편안함을 더 하였다.
"반팔 재킷, 시크한 올 블랙 코디",린넨 반팔 자켓에 티셔츠와 와이드 팬츠를 매치하여 시크한 스타일링을 하였다. 로퍼로 편안함을 더 하였다.
데이트에 어울리는 화이트 원피스,주름 롱 원피스에 오렌지 백으로 포인트를 주어 원포인트 스타일링을 하였다. 액세서리로 포인트를 주었다.
"퍼프 소매 린넨 자켓, 너무 예쁘죠?",린넨 자켓에 민소매 티셔츠와 숏 팬츠를 매치하여 시원한 스타일링을 하였다. 아이템은 톤을 맞추어 연출하였다.
얼굴 작아보이는 자켓형 블라우스 코디,자켓형 블라우스에 부츠컷 팬츠를 매치하여 베이직한 데일리룩을 연출하였다. 귀걸이로 포인트를 주었다.
와이드 팬츠로 완성하는 얼씨룩,쉬폰 블라우스에 와이드 팬츠를 매치하여 심플한 오피스룩을 연출하였다. 귀걸이로 포인트를 주었다.
퍼프소매 컬러 블라우스 코디!,레이스 블라우스에 체크 스커트를 매치하여 여성스러운 스타일링을 하였다. 귀걸이로 여성스러움을 더 하였다.
"린넨 재킷, 베이직 데일리룩",린넨 자켓에 티셔츠와 데님 숏팬츠를 매치하여 베이직한 데일리룩을 연출하였다.
누구나 잘 어울리는 청바지 코디,스트라이프 셔츠에 청바지를 매치하여 심플한 데일리룩을 연출하였다. 스니커즈로 편안함을 더 하였다.
라인 블라우스로 청순 여친룩,라인 블라우스에 컷팅 스키니진을 매치하여 여성스러운 스타일링을 하였다. 메탈 시계로 포인트를 주었다.
"페스티벌, 컬러풀한 패턴 롱 스커트",프린팅 티셔츠에 롱 스커트를 매치하여 키치한 스타일링을 하였다. 유니크한 백으로 포인트를 주었다.
랩 사선 스커트로 포인트 살렸어!,소매 포인트 티셔츠에 프릴 스커트를 매치하여 오피스룩을 연출하였다. 귀걸이로 포인트를 주었다.
발레리나를 떠오르게 하는 플리츠 스커트,슬림 가디건에 플리츠 스커트를 매치하여 러블리한 스타일링을 하였다. 목걸이로 포인트를 주었다.
여리여리한 느낌의 컬러 코디,파스텔톤 가디건에 민소매 티셔츠와 팬츠로 심플한 스타일링을 하였다. 목걸이를 매치해도 좋을 것이다.
여름에 실용적인 라탄백 코디,라운드넥 니트에 롱 스커트를 매치하여 톤온톤 스타일링을 하였다. 라탄 백으로 포인트를 주었다.
"여름 페스티벌 코디, 패턴 스커트",숏 가디건에 프린팅 랩 스커트를 매치하여 더운 날씨에 어울리는 스타일링을 하였다. 목걸이로 포인트를 주었다.
소개팅 나갈땐? 화이트 원피스,린넨 자켓에 펀칭 레이스 원피스를 매치하여 여성스러운 스타일링을 하였다. 귀걸이로 포인트를 주었다.
여름 트위드 재킷으로 우아하게,트위드 자켓에 프릴 티셔츠와 슬랙스를 매치하여 러블리한 스타일링을 하였다. 샌들로 라인을 살려주었다.
"꾸안꾸, 페스티벌 룩 바로 이것!",린넨 자켓에 스트라이프 티셔츠와 숏 팬츠로 이지 캐주얼룩을 연출하였다. 에코백으로 편안함을 더 하였다.
벨트로 날씬해보이는 하객룩,하프 자켓에 벨트 원피스를 매치하여 결혼식등 행사에 어울리는 스타일링을 하였다. 귀걸이로 포인트를 주었다.
반팔 재킷으로 시원한 오피스룩,칠부 자켓에 카라 니트와 팬츠를 매치하여 심플한 데일리룩을 연출하였다. 팔찌를 매치해도 좋을 것이다.
단아함과 차분함을 나타내는 뉴트럴 컬러,롱 린넨 자켓에 니트와 파스텔톤 팬츠를 매치하여 심플한 오피스룩을 연출하였다. 목걸이를 매치해도 좋을 것이다.
"나들이 코디, 시원한 체크 원피스",브이넥 가디건에 체크 원피스와 뮬 스니커즈를 매치하여 편안한 데일리룩을 연출하였다. 귀걸이로 포인트를 주었다.
기본 블랙&화이트 오피스 캐주얼 룩,더블 버튼 자켓에 프릴 티셔츠와 슬랙스를 매치하여 심플한 오피스룩을 연출하였다. 귀걸이 등을 매치해도 좋을 것이다.
꾸안꾸 룩의 기본은 플랫슈즈,캐주얼 점퍼에 티셔츠와 플레어 스커트를 매치하여 러블리한 스타일링을 하였다. 플랫슈즈로 포인트를 주었다.
버튼 롱 스커트로 심플하고 단아하게,린넨 포인트 자켓에 티셔츠와 미디 스커트를 매치하여 베이직한 데일리 스타일링을 하였다. 샌들로 라인을 살려주었다.
린넨 재킷에 독특한 가방 포인트,린넨 자켓에 골지 티셔츠와 데님 진을 매치하여 시크한 스타일링을 하였다. 플랫 슈즈로 편안함을 더 하였다.
"여름 초읽기, 체크 롱 스커트 어때요?",브이넥 가디건에 쉬폰 셔츠와 프릴 체크 스커트를 매치하여 여성스러운 스타일링을 하였다. 샌들로 라인을 살려주었다.
결혼식에 입고 갈 명품 하객룩 코디,셔츠 원피스에 메탈 시계를 매치하여 심플한 스타일링을 하였다. 귀걸이로 포인트를 주었다.
다리 길어보이는 부츠컷 데님,원버튼 크롭 자켓에 라운드넥 티쳐츠와 데님팬츠를 매치하여 심플한 데일리룩을 연출하였다. 귀걸이 등을 매치해도 좋을 것이다.
소개팅에 어울리는 화사한 오피스룩,벨티드 자켓에 프릴 블라우스와 슬랙스 팬츠를 매치하여 여성스러운 스타일링을 하였다. 펌프스로 라인을 살려주었다.
샤랄라~ 쉬폰 스커트로 끝내기 코디!,린넨 자켓에 티셔츠와 쉬폰 스커트를 매치하여 러블리한 스타일링을 하였다. 플랫슈즈로 러블리함을 더 하였다.
컬러 매치만 잘해도? Earthy 룩,7부 린넨 자켓에 니트와 부츠컷 팬츠를 매치하여 톤온톤 스타일링을 하였다. 아이템도 톤을 맞추어 연출하였다.
여름 필수품은 린넨 재킷!,린넨 체크 자켓에 반팔 티셔츠와 데님 팬츠를 매치하여 편안한 데일리룩을 연출하였다. 로퍼로 편안함을 더 하였다.
데이트나 결혼식에 필요한 건? 옷차림!,체크 싱글 자켓에 V넥 티셔츠와 롱 스커트를 매치하여 키치한 스타일링을 하였다. 슬링백으로 포인트를 주었다.
썸을 부르는 분홍색 코디,오픈 가디건에 티셔츠와 파스텔톤 팬츠를 매치하여 편안한 데일리룩을 연출하였다. 플랫으로 편안함을 더 하였다.
플로럴 롱 스커트로 ‘화사하게~’,점퍼와 레터링 티셔츠와 플리츠 쉬폰 스커트를 매치하여 봄나들이에 어울리는 스타일링을 하였다. 로퍼로 편안함을 더 하였다.
나들에 딱인 ‘꾸안꾸’ 룩의 정석,맨투맨 티셔츠에 롱 스커트를 매치하여 러블리한 스타일링을 하였다. 귀걸이로 포인트를 주었다.
베이직한 린넨 재킷 룩,린넨 자켓에 스트라이프 티셔츠와 데님 팬츠를 매치하여 편안한 데일리룩을 연출하였다. 스니커즈로 편안함을 더 하였다.
대학생을 위한 컬러 가디건,브이넥 가디건에 블라우스와 루즈핏 청바지를 매치하여 봄에 어울리는 스타일링을 하였다. 청바지는 롤업해서 매치하면 더욱 좋을 것이다.
"특별한 날, 플레어 스커트가 딱이야~",벨티드 코트에 플라워 블라우스와 플레어 스커트를 매치하여 결혼식 등에 어울리는 스타일링을 하였다. 귀걸이 등을 매치해도 좋을 것이다.
린넨 재킷으로 완성한 꾸안꾸룩,린넨 자켓에 V넥 니트와 파스텔 팬츠를 매치하여 키치한 스타일링을 하였다. 목걸이를 매치해도 좋을 것이다.
결혼식에 어울리는 심플 하객룩,심플 자켓에 A라인 롱 원피스를 매치하여 결혼식등 행사에 어울리는 스타일링을 하였다. 귀걸이로 포인트를 주었다.
여성스러운 프릴 블라우스 룩,더블 자켓에 프릴 블라우스와 슬랙스 팬츠를 매치하여 오피스룩을 연출하였다. 귀걸이를 매치해도 좋을 것이다.
"롤업 청바지, 청순 캠퍼스룩으로 딱!",숏 점퍼에 티셔츠와 롤업 데님을 매치하여 이지 캐주얼룩을 연출하였다. 스니커즈로 편안함을 더 하였다.
대학생들이 따라할 만한 데일리룩,솔리드 자켓에 기본 티셔츠와 랩 스커트를 매치하여 모노톤의 스타일링을 하였다. 크로스백으로 발랄함을 더 하였다.
재킷에 벨트 더해서 잘록한 허리!,체크 더블 자켓에 티셔츠와 레이스 스커트를 매치하여 로맨틱한 스타일링을 하였다. 벨트로 포인트를 주었다.
"화사한 블루, 스마트 캐주얼룩",트렌치 코트에 트임 티셔츠와 스트레이트 진을 매치하여 심플한 데일리룩을 연출하였다. 사이즈 오픈 힐로 라인을 살려주었다.
"친구 결혼식, 격식을 갖추자",데일러드 자켓에 티셔츠와 언발 스커트를 매치하여 여성스러운 스타일링을 하였다. 미들라인 구두로 포인트를 주었다.
소개팅 있을땐 화사한 컬러!,노카라 베이직 자켓에 프릴넥 블라우스에 슬림팬츠를 매치하여 파스텔톤 스타일링을 하였다. 아이템도 톤을 맞추어 연출하였다.
벚꽃놀이에서 사진 잘 찍히려면?,롱 자켓에 플로럴 원피스를 매치하여 러블리한 스타일링을 하였다. 귀걸이로 포인트를 주었다.
허리벨트로 개미허리 만들기,헤링본 벨티드 자켓에 티셔츠와 니트 스커트로 키치한 스타일링을 하였다. 벨트로 라인을 살려주었다.
클래식한 체크패턴의 무한매력,체크 롱 코트에 가디건과 H라인 스커트를 매치하여 오피스룩을 연출하였다. 포인트 목걸이를 매치해도 좋을 것이다.
트렌치코트로 완성하는 출근룩은?,트렌치 코트에 셔츠와 부츠컷 슬랙스를 매치하여 시크한 스타일링을 하였다. 메탈 시계를 매치해도 좋을 것이다.
테일러드 재킷으로 단아한 룩,테일러드 자켓에 티셔츠와 부츠컷 데님을 매치하여 베이직한 데일리룩을 연출하였다. 백으로 컬러 포인트를 주었다.
아직 춥네~ 핸드메이드 트렌치 룩으로 편안하게!,
"'컨버스 코디' 편안하게 봄나들이~ 봄,봄,봄",
다들 나만봐~ 친구 하객룩 베스트 코디 이것!,
단아하게 보이고 싶은 날엔 #OOTD,
클래식 체크 더블 재킷의 매력,체크 더블자켓에 긴팔 티셔츠와 부츠컷 데님팬츠를 매치하여 봄에 어울리는 스타일링을 하였다. 스텔레토 힐로 라인을 살려주었다.
벚꽃이 생각나는 숏기장 트렌치코트,숏기장 트렌치에 플라워 블라우스와 데님 스커트를 매치하여 키치한 스타일링을 하였다. 복조리 백으로 포인트를 주었다.
"SNS 패피되고 싶다면, 일자바지!",테일러드 자켓에 블라우스와 배기 팬츠를 매치하여 매니시한 스타일링을 하였다. 스니커즈로 편안함을 더 하였다.
회사갈때 뭐입지? 신입사원 룩,롱 자켓에 레이스 블라우스와 H라인 스커트를 매치하여 러블리한 스타일링을 하였다. 스트랩 슈즈로 귀여움을 더 하였다.
"친구 결혼식, 돋보이는 하객룩!",체크 코트에 넥포인트 플레어 원피스를 매치하여 결혼식 등 행사에 어울리는 스타일링을 하였다. 귀걸이로 포인트를 주었다.
클래식 체크자켓 입어보기,롱 자켓에 반폴라 니트와 언발 스커트로 페미닌 룩을 연출하였다. 펌프스로 포인트를 주었다.
"봄을 기다리며, 트렌치코트",페미닌 트렌치 코트에 가디건과 일자 팬츠로 봄을 기다리는 오피스룩을 연출하였다. 시계 등의 액세서리를 매치해도 좋을 것이다.
"하객룩의 기본, 클래식 트위드 재킷",트위드 자켓에 블라우스와 랩스커트를 매치하여 심플한 오피스룩을 연출하였다. 귀걸이를 매치해도 좋을 것이다.
벨티드 코트가 유행이라며?,벨트 포인트 더블 자켓에 티셔츠와 슬랙스를 매치하여 봄에 어울리는 데일리룩을 연출하였다. 로퍼로 포인트를 주었다.
몸매를 가려주는 일자핏 자켓,싱글 롱 자켓에 프릴 블라우스와 H라인 스커트를 매치하여 오피스룩을 연출하였다. 하이힐로 라인을 살려주었다.
트렌치코트로 완성하는 시크룩,트렌치 롱 코트에 베이직 티셔츠와 데님 팬츠를 매치하여 시크한 스타일링을 하였다. 미듐 숄더백으로 포인트를 주었다.
키치한 플리츠 스커트 룩,더블 자켓에 슬림니트와 롱스커트를 매치하여 키치한 스타일링을 하였다. 금장 플랫 단화로 포인트를 주었다.
샤랄라 봄에는 쉬폰 원피스~,심플 롱자켓에 프릴 원피스를 매치하여 다가오는 봄에 어울리는 스타일링을 하였다. 귀걸이로 포인트를 주었다.
신입사원을 위한 신상 오피스룩,핸드메이드 롱 코트에 배색 니트와 H라인 스커트를 매치하여 심플한 오피스룩을 연출하였다. 손목 시계를 매치해도 좋을 것이다.
파스텔 컬러로 연출한 데일리룩,핸드 메이드 코트에 브이넥 블라우스에 부츠컷 팬츠를 매치하여 파스텔톤의 스타일링을 하였다.
신입사원을 위한 신상 오피스룩,더블 체크 자켓에 니트와 A라인 스커트를 매치하여 러블리한 스타일링을 하였다. 삭스부츠로 라인을 살려주었다.
캠퍼스를 빛내는 봄 개강룩!,체크 더블 자켓에 앙고라 니트와 데님 팬츠를 매치하여 베이직한 데일리룩을 연출하였다. 파스텔톤 로퍼 힐로 포인트를 주었다.
여성미를 강조한 트위드 코디!,울 코트에 스웨터와 트위드 미니 스커트를 매치하여 러블리한 스타일링을 하였다. 벨벳 버킷백으로 포인트를 주었다.
"더블형 코트+브이넥 니트, 얼굴 작아보여!",더블형 코트에 V넥 니트와 슬랙스를 매치하여 심플한 오피스룩을 연출하였다. 귀걸이 등을 매치해도 좋을 것이다.
"봄 기운, 플레어 스커트에 담아보자",캐시미어 코트에 스카프 니트와 롱 스커트를 매치하여 톤온톤 스타일링을 하였다. 리본 플랫으로 발랄함을 더 하였다.
개강 캠퍼스룩 고민 고민하지마~,헤링본 자켓에 라운드넥 니트와 부츠컷 데님을 매치하여 시크한 스타일링을 하였다. 로퍼로 편안함을 더 하였다.
체크스커트로 완성하는 3월 스쿨룩,핸드메이드 코트에 라운드 니트와 체크 치마바지를 매치하여 여성스러운 스타일링을 하였다. 슬링백으로 라인을 살려주었다.
"특별한 날, 하객룩은 플리츠 스커트!",핸드메이드 코트에 캐시미어 니트와 플리츠 스커트를 매치하여 키치한 스타일링을 하였다. 로퍼는 톤을 맞춰서 연출하였다.
뉴트로 룩을 완성해주는 카라 니트,핸드메이드 롱 코트에 카라 니트와 미디 스커트를 매치하여 오피스룩을 연출하였다. 펌프스로 라인을 살려주었다.
회사갈때 뭐입지? 체크 코트룩!,체크 코트에 앙고라 니트와 부츠컷 팬츠를 매치하여 심플한 데일리룩을 연출하였다. 귀걸이 등 액세서리를 매치해도 좋을 것이다.
아직은 추워~ 스타일 살려주는 무스탕 룩,스웨이드 무스탕에 목폴라 니트와 체크 스커트를 매치하여 걸리쉬 룩을 연출하였다. 아이템은 블랙으로 매치하였다.
롤업 데님으로 귀염뽀짝 코디,베이직 모직 점퍼에 니트와 롤업 데님 팬츠를 매치하여 이지캐주얼룩을 연출하였다. 로퍼에 삭스로 포인트를 주어도 좋을 것이다.
캠퍼스에 딱! 투포켓 이지 캐주얼룩,투포켓 점퍼에 니트와 데님 진을 매치하여 이지 캐주얼룩을 연출하였다. 스니커즈로 편안함을 더 하였다.
소개팅엔 멜빵 원피스죠~,라마 코트에 목폴라 티셔츠에 트위드 원피스를 레이어드하여 러블리한 스타일링을 하였다. 귀걸이 등을 매치해도 좋을 것이다.
"봄맞이 체크 재킷, 시크한 스타일링!",체크 롱 자켓에 골지 니트와 부츠컷 슬랙스로 시크한 스타일링을 하였다. 벨트로 포인트를 주었다.
컬러 니트로 캐주얼하게 ‘봄을 기다려~',핸드메이드 숏 자켓에 라운드 스웨터와 인디고 팬츠를 매치하여 봄을 맞이하는 스타일링을 하였다.  플랫 슈즈로 발랄함을 더 하였다.
"핸드메이드 코트, 내가 제일 우아해",핸드메이드 코트에 니트와 롱 스커트를 매치하여 페미닌 룩을 연출하였다. 앵클부츠로 라인을 살려주었다.
"체크스커트, 스쿨룩 느낌의 오피스룩",루즈핏 코트에 라운드 니트와 체크 스커트를 매치하여 러블리한 스타일링을 하였다. 로퍼로 귀여움을 더 하였다.
체크 코트에 컬러 스웨터 오피스룩!,슬림핏 코트에 니트와 스커트를 매치하여 오피스룩을 연출하였다. 펌프스로 라인을 살려주었다.
봄까지 입을 수 있는 리빙코랄 앙고라니트!,"여자, 오늘의 코디!"
편안한게 최고지~ 심플 룩,아웃포켓 롱코트에 롱 니트와 부츠컷 팬츠를 매치하여 베이직 데일리룩을 연출하였다. 앵클부츠로 포인트를 주었다.
"귀엽거나 or 여성스럽거나, 둘 다 만족!",덤블 숏 점퍼에 니트 원피스를 매치하여 귀여운 스타일링을 하였다. 머플러로 따뜻함을 더 하였다.
"봄을 기다리며, 화사한 롱 스커트!",롱 코트에 반폴라 니트와 도트 롱스커트를 매치하여 러블리한 스타일링을 하였다. 플랫슈즈로 귀여움을 더 하였다.
라운드 니트로 완성하는 ‘모던 오피스룩’,울 코트에 비즈 장식 라운드 니트와 하이웨스트 슬랙스를 매치하여 심플한 오피스룩을 연출하였다. 귀걸이 등 액세서리를 매치해도 좋을 것이다.
"프리미엄, 스카이캐슬 맘들의 패딩룩?",퀼팅 구스다운 점퍼에 라운드 니트와 H라인 스커트를 매치하여 여성스러운 스타일링을 하였다. 다운 점퍼에 벨트로 여성스러움을 더 하였다.
얼굴 작아 보이는 울 빅카라 코트,울 코트에 터틀넥 니트와 머메이드 스커트를 매치하여 오피스룩을 연출하였다. 앵클부츠로 라인을 살려주었다.
히든 버튼으로 품격 높이기!,핸드메이드 코트에 프릴 장식 니트와 트위드 스커트를 매치하여 페미닌 룩을 연출하였다.
"체크 코트에 베이직 로퍼, 모던 학생룩",체크 패턴 슬림 핏 롱 코트에 울 니트와 부츠컷 팬츠를 매치하여 심플한 데일리룩을 연출하였다. 베이직 로퍼에 삭스를 매치해도 좋을 것이다.
상위 0.1% 스카이캐슬 룩 따라잡기,테일러드 롱 코트에 원피스를 매치하여 결혼식 등 행사에 어울리는 스타일링을 하였다. 귀걸이로 포인트를 주었다.
스키장갈 때 입어도 좋을 롱패딩,패딩 점퍼에 라운드넥 니트와 데님 팬츠를 매치하여 이지 캐주얼룩을 연출하였다. 장갑으로 따뜻함을 더 하였다.
고급스러운 맘 패션 ‘체크 코트로 해결’,하운드 투스 롱 코트에 골지 티셔츠와 블랙진으로 시크한 스타일링을 하였다. 로퍼에는 검정색 삭스를 매치하면 좋을 것이다.
남자친구가 좋아해~ 오늘의 데이트 코디,롱 코트에 V넥 니트와 체크 스커트를 매치하여 발랄한 스타일링을 하였다. 머플러를 매치해도 좋을 것이다.
상위 0.1% 클래식한 스쿨 룩 느낌!,누빔 롱 코트에 골지 니트와 트임 스커트를 매치하여 페미닌한 스타일링을 하였다. 앵클부츠로 라인을 살려주었다.
‘귀여움 뿜뿜’ 면바지와 터틀넥 니트,핸드메이드 숏 코트에 터틀 니트와 베이직한 바지를 매치하여 보이시한 스타일링을 하였다. 바지는 롤업하여 삭스와 매치해도 좋을 것이다.
"러블리, 사랑스러운 플로럴 원피스",울 롱코트에 폴라 티셔츠와 롱 원피스를 레이어드 매치하여 러블리한 스타일링을 하였다. 버킷백으로 포인트를 주었다.
"친구들과 만날땐, 시크한 테일러드 재킷",테일러드 자켓에 터틀넥 니트와 팬츠를 매치하여 시크한 스타일링을 하였다. 아이템은 블랙으로 톤을 맞추어 연출하였다.
핸드메이드 코트로 품격있고 우아하게~,핸드메이드 코트에 배색 니트 H라인 스커트를 매치하여 결혼식 등 행사에 어울리는 스타일링을 하였다. 귀걸이를 매치해도 좋을 것이다.
학생들을 위한 방학시즌 캐주얼 룩,더블 하프 코트에 터틀넥 니트와 데님 팬츠를 매치하여 심플한 데일리룩을 연출하였다. 스니커즈로 편안함을 더 하였다.
"미니 울 재킷, 다리가 길어보여요~",데일리 자켓에 플러워 블라우스와 일자 데님 팬츠를 매치하여 페미닌한 스타일링을 하였다. 볼드한 귀걸이를 매치해도 좋을 것이다.
SKY캐슬 연상되는 매니시 차도녀 룩,체크패턴 벨티드 코트에 V넥 니트와 슬랙스를 매치하여 키치한 스타일링을 하였다. 앵클 부츠로 포인트를 주었다.
롱코트+캐시미어 니트로 러블리룩!,롱 코트에 캐시미어 니트와 A라인 체크 스커트를 매치하여 러블리한 스타일링을 하였다. 플랫슈즈로 귀여움을 더 하였다.
몸매를 강조하는 러블리 데이트 스타일,롱 코트에 체크 원피스를 매치하여 러블리한 스타일링을 하였다. 귀걸이로 포인트를 주었다.
체크 코트에 앵클부츠 겨울코디!,체크 코트에 니트와 슬랙스를 매치하여 심플한 원포인트 스타일링을 하였다. 앵클부츠로 포인트를 주었다.
한겨울에도 세련된 오피스룩!,롱 코트에 폴라니트와 H라인 스커트를 매치하여 라인이 돋보이는 오피스룩을 연출하였다. 펌프스 힐로 라인을 더욱 살려주었다.
"1월 1일, 시작은 편안한 캐주얼룩!",베이직 점퍼에 라운드넥 니트와 데님팬츠를 매치하여 편안한 데일리룩을 연출하였다. 레오파드 머플러로 포인트를 주었다.
"12월 31일, 마지막 날에는 퍼 재킷",퍼 자켓에 폴라티셔츠와 일자 데님팬츠를 매치하여 시크한 스타일링을 하였다. 앵클부츠로 라인을 살려주었다.
심플 터틀넥 #뉴요커 룩,핸드메이드 울 코트에 보카시 니트와 면 팬츠를 매치하여 심플한 데일리룩을 연출하였다. 앵클 부츠로 포인트를 주었다.
요즘 체크 패턴 입으면 #인싸 등극,체크 테일러드 코트에 하이넥 니트 원피스를 매치하여 시크한 스타일링을 하였다. 귀걸이로 포인트를 주었다.
"연말 모임이 많을땐, 스카프 포인트!",연말이나 신년 모임에 어울리는 차분한 느낌의 정장 룩을 소개한다. 퍼플 컬러의 롱 코트에 스카프 벨트로 포인트를 줘 우아함을 높였다. 여기에 미디 스커트와 펌프스를 더해 마무리했다.
"크리스마스 데이트 룩, 핑크 코트",체크 스커트에 밝은 컬러감의 핸드메이드 코트를 매치해 따뜻하면서도 여성스러운 느낌의 데이트 코디를 완성했다. 크리스마스를 앞두고 데이트 룩으로 활용하면 좋다. 
크리스마스 데이트 룩 코디팁2,더블 버튼 코트에 니트와 플러워 원피스를 레이어드 매치하여 러블리한 스타일링을 하였다. 귀걸이 등을 매치해도 좋을 것이다.
크리스마스 데이트 룩 코디팁1,핸드메이드 퍼 코트에 벨벳 원피스를 매치하여 결혼식 등에 어울리는 스타일링을 하였다. 시계로 포인트를 주었다.
품격이 느껴지는 뉴 핸드메이드 코트,핸드메이드 코트에 니트와 플레어 스커트를 매치하여 심플한 데일리룩을 연출하였다. 롱부츠로 따뜻함을 더 하였다.
"체크 트렌치 코트, 연말 모임 에지있게!",체크 트렌치 코트에 앙고라 니트와 와이드 슬랙스를 매치하여 모노톤의 스타일링을 하였다. 액세서리를 매치해도 좋을 것이다.
"본격적인 한파, 패딩 점퍼가 답이다",패딩 점퍼에 앙고라 니트와 데님 팬츠를 매치하여 편안한 스타일링을 하였다. 스니커즈로 편안함을 더 하였다.
"와이드 카라 코트, 얼굴 작아보여",와이드 카라 코트에 울 니트와 롱스커트를 매치하여 걸리시룩을 연출하였다. 버킷백으로 포인트를 주었다.
"시크한 뉴요커 감성, 핸드메이드 롱 코트",벨티드 핸드메이드 코트에 립넥라인 니트와 니트 스커트를 매치하여 페미닌룩을 연출하였다. 귀걸이를 매치해도 좋을 것이다.
"양털 뽀글이 점퍼, 귀여움 지수 상승",보글이 넥 카라 숏 자켓에 폴라 티셔츠와 벨트 스커트를 매치하여 귀여운 스타일링을 하였다. 부츠로 따뜻함을 더 하였다.
단아한 오피스룩 스타일링 tip,하프 코트에 니트와 H라인 스커트를 매치하여 여성스러운 스타일링을 하였다. 앵클부츠로 라인을 살려주었다.
"갑작스러운 한파, 라쿤 롱 패딩",퍼 패딩 점퍼에 니트와 데님을 매치하여 편안한 스타일링을 하였다. 장갑으로 따뜻함을 더 하였다.
키치백과 운동화로 따뜻한 캐주얼룩,더블 코트에 울 니트와 코튼 팬츠를 매치하여 키치한 스타일링을 하였다. 미니 백으로 포인트를 주었다.
터틀넥과 울 코트의 트랜디한 조합,하프 코트에 폴라 니트와 벨벳 스커트를 매치하여 러블리한 스타일링을 하였다. 앵클 부츠로 라인을 살려주었다.
"기본, 심플보다 예쁜건 없어!",차이나 카라 점퍼에 목폴라 니트와 데님 팬츠를 매치하여 심플한 데일리룩을 연출하였다. 아이템은 블랙으로 톤을 맞추어 연출하였다.
캐시미어 트렌치 코트와 롱 원피스,캐시미어 트렌치 코트에 롱 원피스를 매치하여 여성스러운 스타일링을 하였다. 퍼 스트랩 커버로 포인트를 주었다.
12월 연말 코디! 메탈릭 플리츠 스커트,베이직 코트에 앙고라 니트와 벨벳 롱스커트를 매치하여 러블리한 스타일링을 하였다. 유니크한 퍼 트리밍 백으로 포인트를 주었다.
흰 롤업 바지 멋지게 입는 방법,체크 더블 자켓에 울니트와 일자 팬츠를 매치하여 키치한 스타일링을 하였다. 팬츠는 롤업으로 매치해도 좋을 것이다.
"벨티드 코트, 추워진 날씨 하객룩!",벨티드 코트에 니트 원피스를 매치하여 결혼식 등 행사에 어울리는 스타일링을 하였다. 귀걸이로 여성스러움을 더 하였다.
상큼하고 발랄한 퍼 트리밍 앵클부츠,핸드메이드 울 코트에 플라워 자수 니트와 체크 스커트를 매치하여 러블리한 스타일링을 하였다. 퍼 앵클부츠로 포인트를 주었다.
체크 롱 코트로 시크한 캠퍼스룩,체크 롤업 코트에 폴라 니트와 데님 팬츠를 매치하여 시크한 스타일링을 하였다. 드롭 귀걸이를 매치해도 좋을 것이다.
"핸드메이드 코트, 럭셔리한 윈터룩",핸드메이드 코트에 니트와 롱 스커트를 매치하여 페미닌한 스타일링을 하였다. 레오파드 백으로 포인트를 주었다.
롱 패딩 대신 숏 패딩은 어때?,패딩 점퍼에 폴라 티셔츠와 롤업 데님 팬츠를 매치하여 캐주얼룩을 연출하였다. 목도리로 따뜻함을 더 하였다.
더블 롱 코트로 매니시한 데일리룩!,체크 더블 롱자켓에 골지 스웨터와 데님 팬츠를 매치하여 베이직한 데일리룩을 연출하였다. 귀걸이 등을 매치해도 좋을 것이다.
"핸드메이드 코트, 고품격 오피스 룩!",
터틀넥+체크원피스로 프레피 룩!,핸드메이드 코트에 니트와 체크 스커트를 매치하여 여성스러운 스타일링을 하였다. 앵클부츠로 포인트를 주었다.
뷔스티에 원피스로 하객룩 완성!,핸드메이드 코트에 볼륨 셔츠와 롱원피스를 매치하여 키치한 스타일링을 하였다. 체인 숄더백으로 발랄함을 더 하였다.
"롱패딩은 지겨워, 이제는 숏패딩!",숏 패딩에 맨투맨과 데님 팬츠를 매치하여 이지 캐주얼룩을 연출하였다. 롤업 팬츠에 삭스로 포인트를 주었다.
체크 롱 코트로 귀엽게! 발랄하게~,체크 롱 코트에 루즈핏 니트와 청바지를 매치하여 베이직한 데일리룩을 연출하였다. 삭스 부츠로 포인트를 주었다.
결혼식 하객룩으로 좋은 정장룩,트위드 자켓에 5부 니트와 스커트를 매치하여 결혼식 등 행사에 어울리는 스타일링을 하였다. 목걸이 등을 매치해도 좋을 것이다.
"메탈릭 주름 스커트, 연말 파티에 딱!",루즈핏 코트에 목폴라 니트와 주름 스커트를 매치하여 키치한 스타일링을 하였다. 가방으로 포인트를 주었다.
레트로한 무드의 데이트룩,롱 코트에 롱 원피스를 매치하여 러블리한 스타일링을 하였다. 귀걸이로 포인트를 주었다.
에지를 더한 영화 속 커리어우먼 룩,리본 벨트 자켓에 폴라 티셔츠와 슬랙스 팬츠를 매치하여 가을에 어울리는 오피스룩을 연출하였다. 목걸이를 매치해도 좋을 것이다.
"플라워 패턴 원피스, 상견례-하객패션!",테일러드 카라 코트에 니트 조끼 플라워 패턴 롱 원피스를 매치하여 러블리한 스타일링을 하였다. 귀걸이로 포인트를 주었다.
무스탕 재킷으로 럭셔리 데이트룩,무스탕 점퍼에 폴라 니트와 골지 스커트를 매치하여 걸리시 스타일링을 하였다. 앵클 부츠로 라인을 살려주었다.
여성스러운 느낌의 #캐주얼룩,패딩 점퍼에 니트와 밴딩 롱 스커트를 매치하여 편안한 리조트룩을 연출하였다. 블로퍼로 편안함을 더 하였다.
겨울 여행에 좋을 코디,항공 점퍼에 맨투맨 티셔츠와 데님 팬츠를 매치하여 이지 캐주얼룩을 연출하였다. 스니커즈로 편안함을 더 하였다.
가디건에 스커트로 러블리룩,포인트 가디건에 베이직 스커트를 매치하여 걸리쉬한 스타일링을 하였다. 첼시부츠로 귀여움을 더 하였다.
자켓을 활용한 가을 오피스룩,체크 자켓에 폴라 티셔츠와 슬랙스를 매치하여 시크한 스타일링을 하였다. 펌프스 힐로 라인을 살려주었다.
체크 자켓에 앵클부츠 코디,체크 루즈핏 자켓에 스웨터와 부츠컷 데님을 매치하여 키치한 스타일링을 하였다. 앵클부츠로 멋스러움을 더 하였다.
보송보송 화이트 니트 입는법,체크 가디건에 니트와 코튼 팬츠를 매치하여 이지 캐주얼룩을 연출하였다. 스니커즈로 편안함을 더 하였다.
베이지와 블랙 조합의 오피스룩,와이드 카라 코트에 베이직 셔츠와 트임 스커트를 매치하여 오피스룩을 연출하였다. 펌프스 힐로 포인트를 주었다.
부드러운 느낌의 가을 코디,오버핏 자켓에 니트와 코튼 팬츠를 매치하여 베이지 톤온톤 스타일링을 하였다. 아이템은 버건디로 컬러를 맞춰 매치하였다.
유행하는 일자핏 체크 자켓 입는법!,일자핏 체크 자켓에 카라 원피스를 매치하여 결혼식 등 행사에 어울리는 스타일링을 하였다. 목걸이로 여성스러움을 더 하였다.
모던한 회색 코트에 슬랙스 코디!,벨트 포인트 숏 코트에 유니크한 컬러의 티셔츠와 슬랙스를 매치하여 심플한 오피스 룩을 연출하였다. 펌프스로 라인을 살려주었다.
간절기를 위한 점퍼+데님 코디!,루즈핏 점퍼에 후드 티셔츠와 데님 팬츠를 매치하여 편안한 데일리룩을 연출하였다. 포토 에코백으로 포인트를 주었다.
활동적인 가을 니트 코디법!,A라인 숏 코트에 라운드 니트와 코튼 팬츠를 매치하여 캐주얼룩을 연출하였다. 스니커즈로 편안함을 더 하였다.
"여성스러운 패턴 원피스, 반하겠어!",루즈핏 코트에 롱 원피스를 매치하여 걸리시한 스타일링을 하였다. 앙고라 양말에 로퍼로 귀여움을 더 하였다.
모던+시크한 롱 스커트 입기!,원버튼 자켓에 롱 티셔츠와 니트 스커트를 매치하여 여성스러운 스타일링을 하였다. 뮬로 포인트를 주었다.
하객룩으로 좋은 트위드 재킷,트위드 자켓에 폴라 니트와 데님 팬츠를 매치하여 페미닌한 스타일링을 하였다. 귀걸이 등을 매치해도 좋을 것이다.
직장인을 위한 체크 롱 코트 코디법!,체크 자켓에 블라우스와 슬랙스를 매치하여 심플한 오피스룩을 연출하였다. 아이템은 블랙으로 톤을 맞추어 연출하였다.
대학생을 위한 캐주얼 캠퍼스룩,숏자켓에 버튼 니트와 블랙진을 매치하여 이지 캐주얼룩을 연출하였다. 데님은 롤업으로 매치하면 더욱 멋스러울 것이다.
화사한 블라우스 원피스 패션,롱 블라우스 원피스에 쁘띠 스카프를 매치하여 편안한 나들이룩을 연출하였다. 블로퍼로 편안함을 더 하였다.
쌀쌀해진 가을 차분한 데이트룩,롱 재킷에 러플 블라우스와 니트 스커트를 매치하여 결혼식 등 행사에 어울리는 스타일링을 하였다. 액세서리를 매치해도 좋을 것이다.
루즈핏 니트에 스커트로 가을코디!,루즈핏 니트에 체크 스커트를 매치하여 페미닌한 스타일링을 하였다. 드롭 이어링으로 포인트를 주었다.
트위드 자켓으로 가을 페미닌룩!,트위드 자켓에 티셔츠와 부츠컷 팬츠를 매치하여 페미닌 룩을 연출하였다. 클러치백으로 포인트를 주었다.
포근한 느낌의 여친룩 #체크가디건,체크가디건에 폴라 티셔츠와 데님 팬츠를 매치하여 따뜻한 데일리룩을 하였다. 슬링백으로 여성스러움을 더 하였다.
"트렌치 코트, 루즈핏한 매력의 아이템!",트렌치 코트에 블라우스와 스커트로 프레피룩을 연출하였다. 로퍼로 귀여움을 더 하였다.
청 재킷 세련되게 입는 법 TIP!,데님 자켓에 호피 패턴 블라우스와 와이드 슬랙스를 매치하여 키치한 스타일링을 하였다. 귀걸이 등을 매치해도 좋을 것이다.
"이지 캐주얼룩, 에코백+코치 재킷",베이직 점퍼에 화이트 팬츠를 매치하여 이지캐주얼룩을 연출하였다. 에코백으로 편암함을 더 하였다.
숏 가디건으로 러블리 데이트룩,숏 가디건에 프린트 원피스를 매치하여 러블리한 스타일링을 하였다. 드롭 귀걸이로 포인트를 주었다.
화이트 니트로 차분한 오피스룩,소매 디테일 니트에 H라인 스커트를 매치하여 오피스룩을 연출하였다. 슬링백으로 라인을 살려주었다.
가을을 위한 감각적인 레이어드룩,셔츠 레이어드 니트에 롤업 팬츠를 매치하여 캠퍼스룩을 연출하였다. 스니커즈로 편안함을 더 하였다.
가을 베이직 아이템 #트렌치코트,트렌치 코트에 기본 티셔츠와 부츠컷 슬랙스를 매치하여 시크한 스타일링을 하였다. 아이템은 블랙으로 톤을 맞추어 연출하였다.
체크자켓에 블로퍼 ‘나도 패피!’,체크 자켓에 롱 티셔츠와 데님 팬츠를 매치하여 베이직한 데일리룩을 연출하였다. 블로퍼로 편암함을 더 하였다.
가을을 위한 꽃무늬 원피스!,쉬폰 프린트 원피스에 블로퍼를 매치하여 러블리한 스타일링을 하였다. 실버 이어링과 시계로 포인트를 주었다.
간절기엔 스트라이프 셔츠!,스트라이프 블라우스에 화이트 팬츠를 매치하여 심플한 데일리룩을 연출하였다. 블로퍼로 편안함을 더 하였다.
불금에 어울리는 레오파드 스커트~,가디건에 레오파드 스커트를 매치하여 원포인트 스타일링을 하였다. 골드 이어링으로 포인트를 주었다.
5살은 어려보여~ 편안한 이지룩,티셔츠에 롱스커트를 매치하여 이지 캐주얼룩을 연출하였다.  팔찌로 포인트를 주었다.
"대학생 개강룩, 기본 아이템으로 시크하게!",심플 티셔츠에 뷔스티에를 진과 매치하여 키치한 스타일링을 하였다. 슬링백으로 시크함을 더 하였다.
여성스러운 느낌의 커리어우먼 스타일!,
오피스룩으로 멋진 기본 슬랙스,브이넥 블라우스에 심플 팬츠를 매치하여 오피스룩을 연출하였다. 시계로 멋스러움을 더 하였다.
주말엔 편안하게 스니커즈!,스트라이프 블라우스에  화이트 팬츠를 매치하여 심플한 데일리룩을 연출하였다. 스니커즈로 편안함을 더 하였다.
랩 플라워 원피스로 완성한 하객룩,랩 플라워 원피스에 귀걸이 등을 매치하여 발랄한 스타일링을 하였다. 로퍼로 편안함을 더 하였다.
브이넥 니트에 심플 슬랙스 룩!,브이넥 니트에 심플 슬랙스를 매치하여 오피스룩을 연출하였다. 목걸이로 포인트를 주었다.
"데이트룩, 프릴 블라우스로 포인트!","프릴 블라우스에 데님 팬츠를 매치하여 화사한 스타일링을 하였다. 드롭 귀걸이로 포인트를 주었다,"
가을에 어울리는 블라우스 연출법,볼륨 블라우스에 트임 롱 스커트를 매치하여 베이직한 스타일링을 하였다. 메탈 시계로 여성스러움을 더 하였다.
주말 나들이를 위한 이지 캐주얼룩,스트라이프 블라우스에 데님 숏팬츠를 매치하여 이지 캐주얼룩을 연출하였다. 선글라스로 멋스러움을 더 하였다.
편안하게 셔츠 원피스로 코디고민 끝,스트라이프 셔츠 원피스를 귀걸이와 시계를 매치하여 결혼식 등 행사에 어울리는 스타일링을 하였다. 샌들로 라인을 살려주었다.
결혼식 눈에 띄는 하객룩,플레어 원피스에 톤온톤 아이템을 매치하여 여성스러운 스타일링을 하였다. 반지와 팔찌로 여성스러움을 더 하였다.
쉬폰 스커트로 완성한 가을룩,프린팅 티셔츠에 롱 쉬폰 스커트를 매치하여 키치한 스타일링을 하였다. 팔찌로 포인트를 주었다.
컬러풀한 텐셀 셔츠!,소프트 블라우스에 슬랙스를 매치하여 심플한 오피스룩을 연출하였다. 귀걸이로 포인트를 주었다.
하객룩-상견례 룩으로 좋은 원피스,쉬폰 원피스를 귀걸이와 매치하여 결혼식 등에 어울리는 스타일링을 하였다. 샌들로 라인을 살려주었다.
뷔스티에로 완성한 걸리시룩,티셔츠에 포켓 원피스를 매치하여 걸리쉬한 스타일링을 하였다. 귀걸이로 포인트를 주었다.
린넨 롱 스커트로 여성미 UP!,버튼 니트 가디건에 트임 스커트를 톤온톤 매치하여 심플한 룩을 연출하였다. 톤을 맞춘 팔찌로 포인트를 주었다.
폭염에는 이지룩이 대세!,라운드넥 티셔츠에 데님 팬츠를 매치하여 이지 캐주얼룩을 연출하였다. 슬리퍼로 편암함을 더 하였다.
체크 블라우스로 완성한 오피스룩,
얼굴빛 살려주는 오렌지 컬러룩,브이넥 니트 원피스에 블로퍼를 매치하여 페미닌 룩을 연출하였다. 팔찌와 시계를 레이어드 하여 매치하였다.
"카라 원피스, 걸그룹 사복패션 도전?",카라 원피스에 에코백과 스니커즈를 매치하여 심플한 데일리룩을 연출하였다. 팔찌로 포인트를 주었다.
"무더위, 프린팅 티셔츠로 완성한 바캉스룩",프린팅 티셔츠에 코튼 숏팬츠를 매치하여 편안한 리조트룩을 연출하였다. 틴트 선글라스로 포인트를 주었다.
호피 스커트로 펑키 클럽룩!,루즈핏 티셔츠에 호피 무늬 스커트를 매치하여 키치한 스타일링을 하였다. 스니커즈로  편안함을 더 하였다.
"중요한 날, 격식을 갖춘 옷차림 이것",랩 블라우스에 부츠컷 팬츠를 매치하여 여성스러운 룩을 연출하였다. 드롭 귀걸이로 포인트를 주었다.
"블라우스, 오피스룩으로 딱이야!",레이스 브이넥 블라우스에 슬림핏 팬츠를 매치하여 오피스룩을 연출하였다. 메탈 시계로 시원함을 더 하였다.
페스티벌-뮤페에 어울리는 옷 추천!,크롭 티셔츠에 데님 숏팬츠를 매치하여 페스티벌 등에 어울리는 스타일링을 하였다. 선글라스로 멋스러움을 더 하였다.
톤온톤 스타일링 코디법은?,스트라이프 티셔츠에 언발 스커트를 톤온톤 매치하여 러블리한 스타일링을 하였다. 팔찌로 포인트를 주었다.
소개팅에 입고가면 좋은 옷,퍼프소매 포인트 티셔츠에 머메이드 체크 스커트를 매치하여 결혼식 등에 어울리는 스타일링을 하였다. 귀걸이로 포인트를 주었다.
해변-바닷가에 어울리는 캐주얼룩,프린팅 티셔츠에 데님 숏 팬츠를 매치하여 키치한 스타일링을 하였다. 선글라스를 매치하여 포인트를 주었다.
나들이에 좋은 에스닉 원피스,롱 원피스에 니트 백을 매치하여 휴가철에 어울리는 스타일링을 하였다. 모자로 포인트를 주었다.
휴양지에서는 랩 스커트와 나시!,린넨 민소매 티셔츠에 롱 스커트를 매치하여 더운 여름에 어울리는 리조트 룩을 연출하였다. 니트 백으로 포인트를 주었다.
깜찍하고 발랄한 느낌의 러플 블라우스,러플 블라우스에 밴딩 팬츠를 매치하여 톤온톤 스타일링을 하였다. 시계에 팔찌를 레이어드해도 좋을 것이다.
몸매를 강조하는 뷔스티에 원피스,레터링 티셔츠에 체크 원피스를 레이어드하여 키치한 스타일링을 하였다. 귀걸이로 포인트를 주었다.
깔끔하고 청순한 여대생 코디 이런 느낌?,스트라이프 셔츠에 스커트를 매치하여 심플한 데일리룩을 연출하였다. 목걸이로 포인트를 주었다.
"주말 더위, 체크 원피스로 고민 끝!",체크 원피스에 샌들을 매치하여 심플한 데일리룩을 연출하였다. 귀걸이로 포인트를 주었다.
"여성미 뿜뿜, 몸매 강조한 나시 룩",매듭 블라우스에 부츠컷 진을 매치하여 페미닌 룩을 연출하였다. 웨지 샌들로 라인을 살려주었다.
학생들을 위한 청바지 심플룩,레터링 티셔츠에 데님을 매치하여 보이시한 스타일링을 하였다. 데님을 롤업하여 발찌와 매치하면 더욱 좋을 것이다.
휴가지에서 주목 받는 에스닉 코디,루즈핏 티셔츠에 롱 스커트를 매치하여 에스닉한 스타일링을 하였다. 블로퍼로 편안함을 더 하였다.
"오늘이 대서,  더위 이기는 반바지 패션",루즈핏 티셔츠에 숏팬츠를 매치하여 이지 캐주얼룩을 연출하였다. 귀걸이로 포인트를 주었다.
티셔츠와 와이드 팬츠로 편안한 학생룩,프린팅 티셔츠에 와이드 팬츠를 매치하여 이지 캐주얼룩을 연출하였다. 귀걸이로 포인트를 주었다.
로브 가디건으로 휴가 코디 완성,롱 로브 자켓에 x자 무지 티셔츠에 핫팬츠를 매치하여 휴가철에 어울리는 시원한 스타일링을 하였다. 클러치 백으로 멋스러움을 더 하였다.
플라워 원피스 하나로 코디 끝!,쉬폰 프린트 원피스에 샌들을 매치하여 결혼식등 행사에 어울리는 스타일링을 하였다. 볼드한 귀걸이로 포인트를 주었다.
패턴으로 에스닉 리조트룩,프린트 블라우스에 랩스커트 투피스를 매치하여 리조트룩을 연출하였다. 파나마 햇으로 멋스러움을 더 하였다.
소개팅 나갈 땐 오프숄더 블라우스,오프숄더 블라우스에 데님 팬츠를 매치하여 어깨 라인이 돋보이는 여성스러운 스타일링을 하였다. 귀걸이로 포인트를 주었다.
20대를 위한 이지 데일리룩,민소매 티셔츠에 랩스커트를 매치하여 이지 캐주얼룩을 연출하였다. 선글라스로 멋스러움을 더 하였다.
니트 티셔츠로 완성한 오피스룩,니트 티셔츠에 H라인 롱 스커트를 매치하여 캐주얼한 오피스룩을 연출하였다. 귀걸이로 포인트를 주었다.
"그린 컬러 룩, 산뜻하게 밝게!",플레어 원피스에 에코백을 매치하여 편안한 스타일링을 하였다. 더운 한낮에는 선글라스를 매치하면 좋을 것이다.
오프숄더 여성스러운 데이트룩,오프숄더 블라우스에 팬츠를 매치하여 러블리한 스타일링을 하였다. 귀걸이로 포인트를 주었다.
로브 가디건으로 제주도 여행 코디,로브 가디건에 슬리브리스와 데님 숏팬츠를 매치하여 휴가철에 어울리는 스타일링을 하였다. 캔버스 백으로 편안함을 더 하였다.
여름에는 #플레어 롱 스커트,레터링 티셔츠에 플레어 롱 스커트를 연출하여 청순한 스타일링을 하였다. 팔찌로 포인트를 주었다.
심플 니트와 체크 스커트의 만남,심플 니트에 체크 스커트를 매치하여 리조트룩을 연출하였다. 더운 한낮에는 라탄 모자를 연출하면 좋을 것이다.
"청순 원피스 찾고 있다면, 여신룩!",플라워 원피스에 스트랩 샌들과 니트 백을 연출하여 심플한 데일리룩을 연출하였다. 메탈 시계로 포인트를 주었다.
11자 다리라인 살려주는 데님 팬츠,레터링 티셔츠에 데님 숏 팬츠를 매치하여 이지 캐주얼룩을 연출하였다. 더운 한낮에는 선글라스를 매치하면 좋을 것이다.
여름 휴가에 어울리는 오프숄더 원피스,오프숄더 원피스에 라탄 백을 매치하여 시원한 휴가철 룩을 연출하였다. 볼드한 귀걸이로 포인트를 주었다.
바다를 닮은 롱 셔츠 원피스,롱 셔츠 원피스에 라탄백을 매치하여 리조트룩을 연출하였다. 선글라스로 멋스러움을 더 하였다.
"오프숄더 룩, 휴양지에 딱!",오프숄더 블라우스에 데님 숏팬츠를 매치하여 휴가에 어울리는 스타일링을 하였다. 웨지 슬리퍼로 라인을 살려주고 편안함을 더 하였다.
체크패턴 셔츠로 편안하게!,린넨 체크 셔츠에 베이직 숏팬츠를 매치하여 심플한 캠퍼스룩을 연출하였다. 모자로 포인트를 주었다.
반소매 니트로 페미닌 나들이룩,민소매 니트에 스트라이프 린넨 스커트를 매치하여 페미닌한 스타일링을 하였다. 목걸이로 포인트를 주었다.
여름을 위한 여성 오피스룩,라운드 티셔츠와 린넨 스커트를 톤온톤 매치하여 오피스룩을 연출하였다. 귀걸이로 포인트를 주었다.
자수 블라우스 에스닉 코디 완성,자수 블라우스에 하이웨스트 데님숏팬츠를 매치하여 에스닉한 스타일링을 하였다. 헤어밴드로 포인트를 주었다.
"편안해, 스퀘어 블라우스+니트백",스퀘어 블라우스에 데님 진을 매치하여 베이직한 데일리룩을 연출 하였다. 실버 목걸이로 포인트를 주었다.
뷔스티에 하나로 코디 끝! 노출 패션,뷔스티에 블라우스에 코튼 팬츠를 매치하여 시원한 스타일링을 하였다. 더운 한낮에는 선글라스를 매치하면 좋을 것이다.
라탄-바스켓 백으로 완성 나들이룩,자수 티셔츠에 도트 스커트를 매치하여 러블리한 스타일링을 하였다. 유니크한 바스켓 백으로 포인트를 주었다.
린넨 스커트 이지 캐주얼룩,민소매 티셔츠에 린넨 스커트를 매치하여 이지 캐주얼룩을 연출하였다. 서클 이어링으로 포인트를 주었다.
"도트 패턴, 블랙&화이트 룩",도트 블라우스에 린넨 반바지를 매치하여 모노톤의 심플한 스타일링을 하였다. 목걸이로 포인트를 주었다.
뷔스티에 원피스 레이어드룩,라운드 반팔티셔츠에 원피스를 레이어드 하여 심플한 데일리룩을 연출하였다. 헤어 밴드로 귀여움을 더 하였다.
결혼식에 어울리는 플라워 미니 스커트,브이넥 반팔 니트에 H라인 스커트를 매치하여 결혼식 등에 어울리는 스타일링을 하였다. 메탈 시계로 포인트를 주었다.
비치 롱 가디건으로 완성하는 써머룩,롱 가디건에 민소매 티셔츠에 숏 팬츠를 매치하여 편안한 캐주얼룩을 연출하였다. 토트백으로 포인트를 주었다.
데님 스커트를 입는 방법,가디건과 니트 세트에 데님 스커트를 매치하여 베이직한 데일리룩을 매치하였다. 선글라스로 포인트를 주었다.
체크 랩 원피스로 캠퍼스 여신되기,체크 랩 원피스에 뮬을 매치하여 러블리한 스타일링을 하였다. 더운 한낮에는 선글라스를 매치하면 좋을 것이다.
로브 가디건과 메쉬백의 꿀조합,로브 가디건에 린넨 민소매 티셔츠와 데님 숏팬츠를 매치하여 시원한 스타일링을 하였다. 메쉬 백으로 포인트를 주었다.
"휴양지 여행에 딱, 가디건",오픈 가디건에 루즈핏 플라워 원피스를 매치하여 나들이에 어울리는 스타일링을 하였다. 라피아 햇으로 포인트를 주었다.
여성스러운 뷔스티에 룩,뷔스티에 레이어드 티셔츠에 데님 팬츠를 매치하여 러블리한 데일리룩을 연출하였다. 귀걸이로 포인트를 주었다.
루즈핏 체크 셔츠로 완성한 캠퍼스룩,박시 셔츠에 레이온 반팔 티셔츠에 스커트를 매치하여 이지 캐주얼룩을 연출하였다. 캔버스백으로 편안함을 더 하였다.
컬러 린넨 스커트로 포인트 살리기,레이스 블라우스에 H라인 스커트를 매치하여 오피스룩을 연출하였다. 목걸이로 포인트를 주었다.
쉬폰 블라우스로 여성미 강조!,쉬폰 블라우스에 데님 팬츠를 매치하여 여성스러운 데일리룩을 연출하였다. 드롭 귀걸이로 포인트를 주었다.
여름을 준비하는 써머룩,체크 블라우스에 숏팬츠를 매치하여 편안한 리조트룩을 연출하였다. 더운 한낮에는 선글라스를 매치해도 좋을 것이다.
여름을 위한 #린넨 원피스,린넨 원피스에 크로스 백과 블로퍼 샌들을 매치하여 갑자기 더워진 날씨에 맞는 스타일링을 하였다. 심플한 팔찌로 멋스러움을 더 하였다.
오피스룩으로 좋은 린넨 자켓,린넨 자켓에 쉬폰 블라우스와 데님 팬츠를 매치하여 모던한 스타일링을 하였다. 드롭 귀걸이를 매치해도 좋을 것이다.
시원한 블루 컬러 룩,스트라이프 셔츠에 데님 팬츠를 매치하여 베이직한 데일리룩을 연출하였다. 유니크한 힐로 포인트를 주었다.
도트 스커트로 발랄한 휴일룩,숏가디건에 도트 스커트를 매치하여 러블리한 스타일링을 하였다. 목걸이로 포인트를 주었다.
미디엄 스커트로 연출한 오피스룩,린넨 자켓에 프린팅 티셔츠와 미디엄 스커트를 매치하여 심플한 오피스룩을 연출하였다. 스카프 백으로 포인트를 주었다.
여대생을 위한 발랄한 느낌의 스쿨룩,숏 야상점퍼에 라운드 티셔츠와  스커트를 매치하여 발랄한 스타일링을 하였다. 로퍼로 편안함을 더 하였다.
휴양지에 어울리는 휴가 비치룩,오버핏 린넨 자켓에 티셔츠와 뷔스티에 원피스를 레이어드하여 소녀같은 스타일링을 하였다. 라운드 백으로 포인트를 주었다.
여름에는 시원한 린넨 자켓이 딱!,린넨 자켓에 플라워 밴딩 블라우스와 부츠컷 팬츠를 매치하여 여성스러운 스타일링을 하였다. 귀걸이를 매치해도 좋을 것이다.
체크 재킷으로 완성한 오피스룩,체크 자켓에 로고 반팔 티셔츠와 슬랙스를 매치하여 키치한 스타일링을 하였다. 메탈 시계를 매치해도 좋을 것이다.
봄을 부르는 그린 패턴 룩,라운드넥 니트에 플레어 스커트를 매치하여 차분한 스타일링을 하였다. 메탈 시계로 여성스러움을 더 하였다.
"시크함 그 자체, 블랙&화이트 룩",트임 자켓에 린넨 티셔츠와 랩스타일 치마바지를 매치하여 모노톤의 오피스룩을 연출하였다. 펌프스로 라인을 살려 주었다.
플라워 패턴으로 완성한 페스티벌 룩,숏자켓에 플라워 프린트 원피스를 매치하여 러블리한 스타일링을 하였다. 더운 한낮에는 선글라스를 매치하면 좋을 것이다.
린넨 재킷으로 심플하게 멋내기,린넨 자켓에 슬립 원피스를 매치하여 시크한 스타일링을 하였다. 목걸이로 포인트를 주었다.
여성미 제대로 살리는 데님스커트,린넨 체크 숏 자켓에 슬림 티셔츠와 데님 스커트를 매치하여 키치한 스타일링을 하였다. 목걸이를 매치해도 좋을 것이다.
컬러풀한 원피스로 포.인.트.룩,셔츠형 숏 점퍼에 파스텔톤 퍼프소매 원피스를 매치하여 러블리한 스타일링을 하였다. 귀걸이로 포인트를 주었다.
야상 자켓으로 완성한 걸리쉬룩,야상 자켓에 레터링 티셔츠와 롱 스커트를 매치하여 데일리룩을 연출하였다. 유니크한 가방으로 포인트를 주었다.
데이트-봄 나들이 좋은 여친룩,체크 싱글 자켓에 라운드 티셔츠와 원피스를 레이어드하여 톤온톤 스타일링을 하였다. 로퍼에 삭스를 매치해도 좋을 것이다.
지금 입기 좋은 린넨 자켓,마 자켓에 블라우스와 슬림 진을 매치하여 심플한 데일리룩을 연출하였다. 힐로 라인을 살려주었다.
남자친구가 좋아해~ 걸리쉬룩,가디건에 프릴 롱스커트를 매치하여 러블리한 걸리쉬룩을 연출하였다. 드롭 귀걸이로 포인트를 주었다.
친구 결혼식이라면 트위드 자켓,트위드 자켓에 린넨 티셔츠와 기본 슬랙스를 매치하여 심플한 데일리룩을 연출하였다. 목걸이나 귀걸이등 액세서리로 포인트를 주어도 좋을 것이다.
기본 스트라이프 셔츠 #데일리룩 (남자편),기본 스트라이프 셔츠에 일자 데님을 매치하여 심플한 느낌의 데일리룩을 연출했다. 여기에 맨발에 로퍼를 더하고 시계로 마무리했다. 
데이트에 좋은 흰 자켓에 청바지,린넨 롱 자켓에 프린트 티셔츠와 부츠컷 데님을 매치하여 페미닌 룩을 연출하였다. 슬링백으로 라인을 살려주었다.
잔디밭-페스티벌하면? 보헤미안룩,데님 자켓에 프릴 패턴 블라우스와 화이트 팬츠를 매치하여 봄에 어울리는 캐주얼룩을 연출하였다. 스니커즈로 발랄함을 더 하였다.
비오는날 실용적인 트렌치코트,트렌치 코트에 스트라이프 셔츠와 페미닌 스커트를 매치하여 오피스룩을 연출하였다. 스카프 장식 미니 백으로 포인트를 주었다.
패턴 블라우스 예쁘게 입기,패턴 블라우스에 슬랙스 팬츠를 매치하여 오피스룩을 연출하였다. 귀걸이로 포인트를 주었다.
"롱 원피스, 남친이 환호해",롱 자켓에 도트 롱 원피스를 매치하여 러블리한 스타일링을 하였다. 귀걸이로 여성스러움을 더 하였다.
기본 아이템을 위한 코디,가벼운 자켓에 베이직 티셔츠와 일자핏 데님 팬츠를 매치하여 시크한 스타일링을 하였다. 아이템은 블랙으로 톤을 맞추어 연출하였다.
"훈남룩 완성, 기본만 지키면 된다 (남자편)",맨투맨 티셔츠에 스프라이프 패턴의 셔츠를 레이어드해 감각적인 캐주얼 룩을 연출했다. 이때 하의는 화이트로 입어 깔끔한 느낌을 줬다. 
봄나들이엔 트위드 자켓 코디,트위드 자켓에 티셔츠와 부츠컷 진을 매치하여  봄에 어울리는 스타일링을 하였다. 슬링백으로 라인을 살려주었다.
하프 트렌치코트 매니시한 모던룩,하프 트렌치 코트에 브이넥 니트와 H라인 스커트를 매치하여 페미닌 스타일링을 하였다. 목걸이등 액세서리를 매치해도 좋을 것이다.
"새학기, 캠퍼스 여신 코디법",원색의 가디건에 랩스커트를 매치하여 러블리한 스타일링을 하였다. 스카프로 포인트를 주었다.
슬랙스로 완성하는 연하남 룩 (남자편),스트라이프 패턴이 가미된 여름 셔츠에 슬랙스를 매치해 모노톤 룩으로 통일한 모던 데일리 코디를 완성했다. 슬립온으로 심플하게 마무리할 것. 
"놀러갈 때 딱이야, 롱 원피스",야상 점퍼에 롱 원피스를 믹스매치하여 나들이에 어울리는 스타일링을 하였다. 귀걸이로 여성스러움을 더 하였다.
블루종과 청스커트의 만남,블루종 점퍼에 티셔츠와 데님 스커트를 매치하여 데일리룩을 연출하였다. 숄더백으로 캐주얼함을 더 하였다.
누가 입어도 예쁜 옷,오버핏 자켓에 반팔 니트와 데님 팬츠를 매치하여 시크한 스타일링을 하였다. 유니크한 백으로 포인트를 주었다.
"모던 룩의 기본, 체크 재킷",체크자켓에 라운드 티셔츠와 미디 스커트를 매치하여 여성스러운 스타일링을 하였다. 사이드 오픈 힐로 라인을 살려주었다.
"주말, 벚꽃 놀이 코디법",데님 자켓에 티셔츠와 뷔스티에 프린트 롱 원피스를 매치하여 걸리쉬룩을 연출하였다. 스니커즈에 삭스를 매치해도 좋을 것이다.
주말 벚꽃놀이를 위한 데이트룩 (남자편),벚꽃놀이에 어울리는 화사한 핑크 스트라이프 셔츠를 입어보자. 이때 셔츠 단추를 풀고 이너로 기본 라운 티셔츠를 코디해 편안하면서도 심플한 느낌을 강조할 수 있다. 
"친구 결혼식, 이렇게 입어봐!",롱자켓에 티셔츠와 스트라이프 니트 스커트를 매치하여 여성스러운 스타일링을 하였다. 스틸레토 힐로 라인을 살려주었다.
맨투맨티셔츠 코디 꿀팁 (남자편),기본 블랙 컬러의 맨투맨 티셔츠에 면 팬츠를 매치해 캐주얼하면서도 스타일리시한 데이웨어를 연출했다. 여기에 컬러 스니커즈와 크로스바디백으로 마무리했다.
재킷으로 완성한 동안패션,숏 자켓에 라운드 티셔츠와 데님팬츠를 매치하여 심플한 데일리룩을 연출하였다. 귀걸이 등의 액세서리를 매치해도 좋을 것이다.
캐주얼한 체크 재킷 코디법,체크 자켓에 티셔츠와 데님 팬츠를 매치하여 유니크한 스타일링을 하였다. 아이템은 블랙으로 톤을 맞추었다.
회사에 입고가기 좋은 오피스룩,트렌치 코트에 스트라이프 셔츠와 슬랙스를 매치하여 심플한 오피스룩을 연출하였다. 목걸이를 매치해도 좋을 것이다.
"결혼식 하객룩, 고민하지마",루즈핏 코트에 원피스를 매치하여 결혼식등 행사에 어울리는 스타일링을 하였다. 머플러로 포인트를 주었다.
매니시한 아이템의 조합,체크 트렌치 코트에 티셔츠와 와이드 팬츠를 매치하여 매니시한 스타일링을 하였다. 아이템은 톤온톤 매치하였다.
"컨버스로 끝, 이지 캐주얼룩",차이나 자켓에 스트라이프 니트와 롤업 진을 매치하여 이지 캐주얼룩을 연출하였다. 롤업진에 포인트 삭스를 매치해도 좋을 것이다.
"트렌치코트로 완성, 기본 데일리룩",트렌치코트에 기본핏 니트와 베이직 팬츠를 매치하여 편안한 데일리룩을 연출하였다. 스니커즈로 편안함을 더 하였다.
"체크 재킷+블로퍼, 시크한 멋",롤업 체크 자켓에 티셔츠와 슬림 진을 매치하여 시크한 스타일링을 하였다. 블로퍼로 멋스러움을 더 하였다.
청 스커트로 완성한 동안 코디,브이넥 자켓에 스트라이프 티셔츠와 데님 스커트를 매치하여 유니크한 스타일링을 하였다. 로퍼에 삭스를 매치해도 좋을 것이다.
벚꽃을 닮은 훈남 데이트룩 (남자편),얼굴빛을 화사하게 살려주는 분홍색의 맨투맨 티셔츠에 체크 패턴 셔츠를 레이어드해 부드러운 느낌이 감도는 데이트 룩을 연출할 수 있다. 
트렌치코트로 완성한 청순룩,더블 트렌치 코트에 블라우스와 부츠컷 데님을 매치하여 베이직한 데일리룩을 연출하였다. 아이템은 블랙으로 톤을 맞추어 연출하였다.
벨티드 자켓 -3kg 날씬해 보여,벨트 포인트 자켓에 티셔츠와 미들 스커트를 매치하여 여성스러운 오피스룩을 연출하였다. 슬링백으로 라인을 살려주었다.
데님자켓 힙(Hip)하게 입기 (남자편),뒤 프린팅이 인상적인 유니크한 데님 청재킷에 조거 팬츠를 매치하고 후드 티셔츠와 힙쌕으로 마무리한 트렌디한 느낌의 데일리 룩을 연출했다. 
체크 자켓으로 완성한 캠퍼스 코디,체크 자켓에 포인트 티셔츠와 부츠컷 진을 매치하여 키치한 스타일링을 하였다. 스니커즈로 포인트를 주었다.
"봄비 내리는 날, 트위드 재킷 출근룩",트위드 자켓에 티셔츠와 슬랙스 팬츠를 매치하여 결혼식 등 행사에 어울리는 스타일링을 하였다. 목걸이를 매치해도 좋을 것이다.
아노락으로 완성하는 스포티룩 (남자편),기본 반집업 아노락에 롤업 데님을 매치해 편안하면서도 스타일리시한 캐주얼룩을 연출했다. 힙쌕은 어깨에 가로로 두르고 컬러 모자로 포인트를 줄 수 있다.
"비가 오는 날, 밝은 민트 컬러 코디 (남자편)",밝은 민트 컬러의 셔츠에 기본 브이넥 카디건을 매치하고 청바지나 슬랙스로 마무리한 심플한 느낌의 데이웨어를 연출했다. 여기에 우산을 더해 비 오는 날에 어울리는 코디를 했다. 
신상 트렌치코트 루즈핏이 대세,트렌치코트에 블라우스와 랩 미디 스커트를 매치하여 여성스러운 오피스룩을 연출하였다. 스카프 토트백으로 포인트를 주었다.
"트렌치코트, 화이트데이 데이트 코디 (남자편)",기본 트렌치 코트에 티셔츠와 청바지를 매치해 심플하면서도 세련된 데이트코디를 연출했다. 벨크로 디자인의 스니커즈를 더해 댄디한 멋을 강조할 것.
봄 가디건으로 멋내기! (남자편),"남자, 오늘의 코디! 라운드 티셔츠에 기본 브이넥 가디건을 더해 군더더기없이 심플한 느낌을 자아내는 남친룩을 완성했다. 여기에 컬러 운동화로 포인트를 주면 좋다. "
항공점퍼 이렇게 입어봐,항공 점퍼에 후드 티셔츠와 롤업 진을 매치하여 편안한 캐주얼룩을 연출하였다. 롤업 팬츠에 귀여운 삭스를 매치해도 좋을 것이다.
봄을 담은 그린 컬러 룩,데일러드 자켓에 스웨터와 스커트를 매치하여 다가오는 봄에 어울리는 스타일링을 하였다. 블로퍼로 스타일을 더 하였다.
"체크 재킷을 입는 계절, 봄",체크 자켓에 원색의 니트와 팬츠를 매치하여 키치한 스타일링을 하였다. 팬츠를 롤업하여 포인트 삭스를 매치해도 좋을 것이다.
파스텔 톤 캐주얼룩,롱 자켓에 블라우스와 H라인 스커트를 매치하여 결혼식 등 행사에 어울리는 스타일링을 하였다. 목걸이를 매치해도 좋을 것이다.
맨투맨 티셔츠 활용법!,싱글 롱 자켓에 레터링 스웨터와 슬랙스 팬츠를 매치하여 보이시한 스타일링을 하였다.
트위드 자켓으로 봄 분위기,트위드 자켓에 반폴라 니트와 부츠컷 블랙진을 매치하고 크로스백을 매치하여 다가오는 봄에 어울리는 여성스러운 스타일링을 하였다. 포인트 액세서리를 매치해도 좋을 것이다.
대학생 개강룩 코디제안!,소매 포인트 롱 자켓에 라운드 티셔츠와 데님 팬츠를 매치하여 이지 캐주얼룩을 연출하였다.
여성스러운 컬러매칭,케이프 스타일 코트에 카라 니트와 플리츠 스커트를 매치하여 러블리한 스타일링을 하였다.
모던한 오피스룩 제안,롱 코트에 스웨터와 와이드 팬츠를 매치하여 매니시한 오피스룩을 연출하였다.
플라워 스커트로 발랄하게~,오버핏 코트에 루즈핏 니트와 프릴 롱 스커트를 매치하여 걸리쉬한 스타일링을 하였다.
컬러 반팔 니트톱 활용법,베이직 카라 코트에 반팔 니트와 부츠컷 데님 팬츠를 매치하여 페미닌 룩을 연출하였다.
"가벼운 산책룩, 구스다운 점퍼",구스다운 점퍼에 맨투맨 티와 진을 매치하여 이지캐주얼룩을 연출하였다.
플라워 패턴 원피스 입어볼까?,하프 코트에 원피스와 니트 베스트를 레이어드하여 걸리시룩을 연출하였다.
플랫슈즈로 전하는 사랑스러움,벨트 코트에 니트 가디건과 프린지 장식 스커트를 매치하여 러블리룩을 연출하였다.
데이트가 있는 날엔 원피스,파스텔톤 코트에 벨티드 체크 원피스를 매치하여 결혼식등 행사에 어울리는 스타일링을 하였다. 퍼 머플러로 따뜻함을 더 하였다.
다리가 길어보이는 코디법,프린지 장식 체크 자켓에 니트와 블랙 진을 매치하여 봄을 맞이하는 스타일링을 하였다.
"단아해, 가족모임에 딱!",울 자켓에 플레어 니트와 스키니 팬츠를 매치하여 페미닌 룩을 연출하였다.
앵클부츠로 시크함 더해볼까?,블레이져 자켓에 라운드 니트와 부츠컷을 매치하여 포멀룩을 연출하였다.
미리 준비하는 봄,루즈핏 코트에 라운드 니트와 체크 팬츠를 매치하여 심플한 오피스룩을 연출하였다.
컬러 믹스매치 오피스룩,루즈핏 코트에 캐시미어 니트와 랩스커트를 매치하여  여성스러운 스타일링을 하였다.
보이시한 캐주얼 룩,퀼팅 숏점퍼에 라운드넥 티셔츠와 일자 바지를 매치하여 보이시한 스타일링을 하였다.
화이트와 파스텔 컬러의 만남,루즈핏 코트에 파스텔톤 니트와 체크 스커트를 매치하여 러블리한 스타일링을 하였다.
플로럴 원피스로 여성스럽게~,베이직 롱 코트에 프릴 미니원피스를 매치하여 결혼식 등 행사에 어울리는 스타일링을 하였다.
"클래식한 매력, 캠퍼스룩",체크 핸드메이드 코트에 니트와 부츠컷 진을 매치하여 시크한 스타일링을 하였다.
"화사한 컬러, 봄기운 물씬~",더블 버튼 코트에 소매 포인트 니트와 슬랙스를 매치하여 여성스러운 오피스룩을 연출하였다. 목걸이 등의 액세사리를 매치해도 좋을 것이다.
니트와 스커트로 살리는 페미닌룩,루즈핏 핸드메이드 코트에 라운드넥 니트와 미디 스커트를 매치하여 여성스러운 스타일링을 하였다. 아이템은 블랙으로 톤을 맞추어 연출하였다.
파스텔 컬러의 스윗한 만남,오버핏 숏코트에 니트와 미니 스커트를 매치하여 사랑스러운 스타일링을 하였다. 유니크한 플랫 슈즈로 포인트를 주었다.
"영하 12도, 강추위엔 롱패딩",롱 패딩에 스트라이프 니트와 일자핏 진을 매치하여 심플한 캐주얼룩을 연출하였다. 스니커즈로 편안함을 더 하였다.
"베이직, 모던한 롱 코트",베이직 롱 코트에 니트와 스웨이드 스커트를 매치하여 여성스러운 스타일링을 하였다. 귀걸이를 매치해도 좋을 것이다.
산뜻한 겨울 컬러 니트!,케이프 코트에 라운드 스웨터와 트위드 스커트를 매치하여 키치한 스타일링을 하였다. 아이템은 블랙으로 톤을 맞추어 연출하였다.
뷔스티에 원피스 코디 꿀팁,핸드메이드 코트에 스웨터와 체크 원피스를 매치하여 소녀같은 스타일링을 하였다. 로퍼로 귀여움을 더 하였다.
체크 코트로 완성하는 캠퍼스룩,체크 오버핏 코트에 프릴 니트와 슬랙스를 매치하여 사랑스러운  스타일링을 하였다. 펌프스로 라인을 살려주었다.
다시 추워져요~ 동장군엔 롱패딩,퍼 패딩 점퍼에 터틀넥 니트와 데님 팬츠를 매치하여 편안한 캐주얼룩을 연출하였다. 심플 양말로 따뜻함을 더 하였다.
롱패딩 이렇게 입어요,폭스 퍼 패딩 점퍼에 스트라이프 셔츠와 베스트를 레이어드하여 편안한 캐주얼룩을 연출하였다. 레더 스니커즈로 캐주얼함을 더 하였다.
겨울에도 우아한 데이트룩,베이직 코트에 골지 목폴라와 머메이드 스커트를 매치하여 여성스러운 데이트룩을 연출하였다. 펌프스로 라인을 살려주었다.
결혼식 갈 때 뭐 입지?,베이직 코트에 플리츠 원피스를 매치하여 결혼식 등 행사에 어울리는 스타일링을 하였다.
오피스룩 코디는 슬랙스가 답,핸드메이드 롱코트에 레이어드 니트와 와이드핏 슬랙스를 매치하여 매니시한 스타일링을 하였다. 포인트 양말을 매치해도 좋을 것이다.
모던한 체크로 멋내기,
결혼식에 어울리는 하객룩,캐시미어 롱코트에 울 가디건과 스커트를 매치하여 결혼식 등 행사에 어울리는 스타일링을 하였다. 앵클부츠로 라인을 살려주었다.
루즈핏 코트로 모던하게,체크 롱코트에 니트와 슬랙스를 매치하여 시크한 스타일링을 하였다.
롱 부츠의 색다른 코디법,더블 코트에 아가일 패턴 가디건에 미니스커트를 매치하여 여성스러운 스타일링을 하였다.
라쿤털 패딩으로 한파 대비,라쿤털 패딩에 파스텔톤 니트와 코튼 팬츠를 매치하여 편안한 캐주얼룩을 연출하였다.
소녀같은 데이트룩의 비밀,모직 코트에 롱 원피스를 매치하여 소녀같은 스타일링을 하였다.
그뤠잇! 블루 컬러 코디법,핸드메이드 코트에 니트와 진을 매치하여 심플한 데일리룩을 연출하였다.
뷔스티에 원피스로 소녀스럽게,핸드메이드 코트에 폴라 니트와 원피스를 레이어드 매치하여 소녀같은 스타일링을 하였다.
"새해 첫날, 따뜻한 하이넥 무스탕",하이넥 무스탕 롱 자켓에 무지 스웨터와 진을 매치하여 시크한 스타일링을 하였다.
"블루 컬러, 발랄한 여대생룩",루즈핏 코트에 앙고라 니트와 스트레이트 진을 매치하여 캐주얼룩을 연출하였다.
플라워 원피스 사람들이 쳐다봐~,모직 롱코트에 니트와 원피스를 레이어드 매치하여 소녀같은 스타일링을 하였다.
시크한 롱코트 연출법,체크 롱코트에 니트와 와이드 팬츠를 매치하여 시크한 스타일링을 하였다.
연말 모임엔 벨티드 코트,베이직 울 코트에 폴라 니트와 스키니진을 매치하여 심플한 데일리룩을 연출하였다.
에스닉 원피스로 발랄하게,허리벨트 모직코트에 라운드넥 니트와 원피스를 레이어드하여 소녀같은 스타일링을 하였다.
시크한 감성의 올 블랙 룩,헤링본 자켓에 캐시미어 니트와 팬츠를 매치하여 모노톤의 스타일링을 하였다.
한파에는 핸드메이드 코트,핸드메이드 코트에 폴라넥 니트와 미디엄 스커트를 매치하여 여성스러운 오피스룩을 연출하였다.
"모던 오피스룩, 슬랙스가 기본",더블 모직 자켓에 폴라남방과 슬랙스를 매치하여 오피스룩을 연출하였다.
"눈 내리는 날, 구스다운 점퍼",구스다운 점퍼에 터틀넥 니트와 가죽 레깅스로 추운 날씨에 어울리는 스타일링을 하였다.
주말 데이트&결혼식 코디는?,루즈핏 모직코트에 라운드 니트와 트위드 스커트를 매치하여 여성스러운 스타일링을 하였다. 스텔레토 힐로 라인을 살려주었다.
도시 여자를 위한 페미닌 슬랙스,롱코트에 폴라 티셔츠와 슬랙스를 매치하여 심플한 스타일링을 하였다. 아이템은 블랙으로 톤을 맞추어 연출하였다.
"영하권 기온, 무스탕이 정답",무스탕 자켓에 터틀 니트와 데님진을 매치하여 시크한 스타일링을 하였다. 크로스백으로 포인트를 주었다.
